{"E05012682":[-2.34832229334535,50.8973691857569,-2.10267027733821,51.0067726194006],"E05012683":[-2.79495798610308,50.7822545926172,-2.6761370676484,50.8668891707782],"E05012684":[-2.43573107185353,50.8370699228706,-2.21105219132766,50.9291358681672],"E05012685":[-2.17574000608245,50.8532078135034,-2.13990167637261,50.8772443531806],"E05012687":[-2.55848485486544,50.7551087718395,-2.29142706615171,50.8769171999153],"E05012688":[-2.56267203335826,50.7093375414155,-2.38100505663702,50.7791623160735],"E05012690":[-2.52527625139782,50.5910883411099,-2.47156919732885,50.6666835065537],"E05012691":[-2.00296145097685,50.7892908285344,-1.92770914412538,50.8224733327806],"E05012692":[-2.05122616268273,50.7428537274782,-1.9991328618375,50.7944647154689],"E05012693":[-1.98995472530793,50.8628528910293,-1.81055153118136,50.9689704132488],"E05012694":[-2.15418125075682,50.8192188982508,-1.92098608590854,50.9920295090997],"E05012695":[-2.41170259863898,50.6252298417707,-2.29657285584696,50.7015052937001],"E05012696":[-2.44709160568599,50.6997750603416,-2.40616035622742,50.7189991053831],"E05012697":[-2.47372239518683,50.7032803409833,-2.45235314499,50.7236208346295],"E05012698":[-2.45798828784881,50.7002392911556,-2.43125812484502,50.7223362839133],"E05012700":[-1.94189836920647,50.7920086632729,-1.87195927625319,50.8250342964024],"E05012701":[-1.93900138303843,50.7734200142177,-1.86379214549966,50.8130809147622],"E05012702":[-2.38175580426671,50.9843805457862,-2.18860363886937,51.0809942708024],"E05012703":[-2.25710925795996,50.8451826739098,-2.05129253057974,50.951820489223],"E05012704":[-2.46669168378289,50.6265334650077,-2.40538857107112,50.6626779897748],"E05012705":[-2.95310414433363,50.7182376559178,-2.88859057809032,50.7541946406436],"E05012706":[-2.15926840600945,50.7233060353006,-2.01273721666432,50.7929900554584],"E05012708":[-2.4592739518382,50.6070810433318,-2.44359261032288,50.6245133416626],"E05012709":[-2.50402765434884,50.51319962856,-2.41568745646038,50.5975701498311],"E05012710":[-2.42275040023645,50.7103582498814,-2.13424905102831,50.852013906294],"E05012711":[-2.48537430794202,50.612708211467,-2.4407232772408,50.6398600287625],"E05012712":[-2.48779698577203,50.5846512231614,-2.43234683020479,50.6096832064837],"E05012713":[-1.866536542478,50.7957912289307,-1.79061492044422,50.864572785551],"E05012714":[-2.22374356804668,50.9956497113749,-2.17172608367561,51.0195028839505],"E05012715":[-2.53595013313751,50.9436633400891,-2.49909781321768,50.9657950365689],"E05012716":[-2.62042941092642,50.861495768789,-2.39932980698299,50.999541686375],"E05012717":[-2.54909662683756,50.9326072780875,-2.51116219400218,50.9561713780202],"E05012718":[-2.22851397141896,50.5765156580593,-1.92376533354734,50.7143145887848],"E05012719":[-2.44713164444607,50.9182944502809,-2.25567857523654,50.9869534993939],"E05012720":[-2.16411312974401,50.7564587722149,-1.88081263778352,50.8819941688244],"E05012721":[-2.36091279803847,50.9044487130575,-2.2781312448385,50.9574656994088],"E05012722":[-1.99311934714976,50.590509536692,-1.94381458777677,50.6362188511132],"E05012723":[-2.49790779703408,50.6327180003114,-2.45527980228902,50.6786998122788],"E05012724":[-1.89667349411193,50.8540285078098,-1.84405157047668,50.8978558921526],"E05012725":[-2.17528798951638,50.6505594716161,-2.01810812094631,50.7402466555139],"E05012726":[-1.90464553296911,50.8103660463324,-1.85152689483957,50.8653785869862],"E05012727":[-1.89597052077699,50.7633898634405,-1.86448352277489,50.7961666195651],"E05012728":[-2.32838188938517,50.6159933806142,-2.14846384691173,50.7812236624617],"E05012729":[-2.48601592326116,50.6016081164809,-2.45552159342031,50.6206836725539],"E05012730":[-2.00058109787144,50.7908856200965,-1.96803708354926,50.813231108873],"E05012731":[-2.58474912521735,50.6461819778542,-2.30374839117134,50.7392278158237],"E05012732":[-2.30801806926108,50.8001165271637,-2.10908923283924,50.8831546825239],"E05012733":[-2.72337962346792,50.8042929157395,-2.45931149848052,50.9295006659473],"E05015779":[-2.83148300700968,50.7086061764954,-2.72026633333982,50.7722251690405],"E05015780":[-2.76029814779879,50.6042330123618,-2.49457107054718,50.7431694332133],"E05015781":[-2.80403879015833,50.7246447658115,-2.5324286838152,50.837730341436],"E05015782":[-2.96135484788807,50.7176557780109,-2.75374789036744,50.8636309013749]}